model,fit_seconds,predict_seconds,total_model_seconds,predict_ms_per_1000_rows,accuracy,balanced_accuracy,precision_weighted,recall_weighted,f1_weighted,f1_macro,average_precision,roc_auc,positive_label
XGBoost,10.513362710014917,0.8543196989921853,11.367682409007102,4.073698234718311,0.9820233077113811,0.5173735477236895,0.978092140468263,0.9820233077113811,0.9739067191761743,0.5288779592946584,0.07105362843264441,0.6343106574047339,1
Extra Trees,91.92117819003761,4.593675505951978,96.51485369598959,21.904268181502502,0.9207118197943887,0.5316221689843612,0.9653694610658119,0.9207118197943887,0.9419956236759383,0.5072981399912101,0.027084601268347087,0.5590941389949126,1
LightGBM,10.588352408027276,1.1868494410300627,11.77520184905734,5.659317558174211,0.3666196189131969,0.5941587381064175,0.9733715408615297,0.3666196189131969,0.5170886007850556,0.2859942380549728,0.06665957492652394,0.632308994272094,1
CatBoost,34.968710661050864,0.7731505619594827,35.741861223010346,3.6866551048059413,0.2978027427568712,0.6035679599097643,0.9769628383380031,0.2978027427568712,0.43707635836527886,0.24524701976796356,0.060956509597747094,0.6337846087081864,1
