model,fit_seconds,predict_seconds,total_model_seconds,predict_ms_per_1000_rows,accuracy,balanced_accuracy,precision_weighted,recall_weighted,f1_weighted,f1_macro
XGBoost,11.4777521250071,0.9704211679054424,12.448173292912543,4.62731106785101,0.9826145835320147,0.5308866519944145,0.9814045658905927,0.9826145835320147,0.9751017311206703,0.5535639299339216
Extra Trees,101.34491357801016,4.581038163043559,105.92595174105372,21.844008864576658,0.9211218981861183,0.540723693312386,0.9658063251550144,0.9211218981861183,0.9423430496633227,0.5112788069859824
LightGBM,11.10160519008059,1.3402524340199307,12.441857624100521,6.390797240172093,0.37041522821339334,0.5966002979883924,0.9735176361482966,0.37041522821339334,0.5211803670419655,0.2882354727371209
CatBoost,35.91854687500745,0.8831892809830606,36.80173615599051,4.2113586039360875,0.2933967842224723,0.603610329286839,0.977182278515591,0.2933967842224723,0.4316586892139576,0.2424613427039171
