model,fit_seconds,predict_seconds,total_model_seconds,predict_ms_per_1000_rows,accuracy,balanced_accuracy,precision_weighted,recall_weighted,f1_weighted,f1_macro,average_precision,roc_auc,positive_label
Extra Trees,5.603100773063488,0.3596656849840656,5.962766458047554,19.067257858456532,0.7729417377935641,0.6396882448472018,0.7676636614773218,0.7729417377935641,0.7701661886523634,0.6429363866612744,0.4821072043072565,0.7575409869965168,1
XGBoost,1.2546018860302866,0.09226711094379425,1.3468689969740808,4.891433544176125,0.8262736574245878,0.5859283211604295,0.8331833267296308,0.8262736574245878,0.7771806866689349,0.5987641772897453,0.5313597029231889,0.7818075981193865,1
LightGBM,1.2428511910839006,0.12595162400975823,1.3688028150936589,6.677178816188212,0.6061071939776281,0.6942840095832037,0.8066946629517217,0.6061071939776281,0.6424440002035198,0.5773916561742354,0.532064543049826,0.7826305537856254,1
CatBoost,3.8818577809724957,0.09514397394377738,3.977001754916273,5.043947089210485,0.5424375762073901,0.6813635521139606,0.8199194241402895,0.5424375762073901,0.5757416781084975,0.5292944024009183,0.48402969204203206,0.7574461719814225,1
