model,test_accuracy.mean,test_accuracy.std,test_balanced_accuracy.mean,test_balanced_accuracy.std,test_f1_weighted.mean,test_f1_weighted.std,test_f1_macro.mean,test_f1_macro.std
Extra Trees,0.7704085465702157,0.0016504071000216518,0.6372857132777251,0.005505253332600219,0.767953428187245,0.0024041093640747085,0.6400419971563223,0.004811874864481675
XGBoost,0.8246227899136642,0.0006301515165705327,0.5814746307197949,0.002139893446307857,0.7738812161535253,0.0015134726581925492,0.5919189596506328,0.003327805418460375
LightGBM,0.6113920618977662,0.0019810260909471846,0.6962220118338436,0.0016204997361927084,0.6475492559692141,0.0018919852069689711,0.5814535771779674,0.0016372384103962778
CatBoost,0.5438601491954728,0.0027942962319533566,0.6802929494776627,0.0028408397067050967,0.5775134853996506,0.0029201143821902184,0.530174899084402,0.002486078880168416
