{
  "dataset": "linked_sample",
  "feature_set": "core",
  "sample_per_class": null,
  "tag": "",
  "exclude_features": [],
  "run_timing": {
    "started_epoch": 1778850279.8919497,
    "ended_epoch": 1778850293.0497613,
    "wall_seconds": 13.158397299994249
  },
  "runtime": {
    "python": "3.12.13",
    "platform": "Windows-11-10.0.26200-SP0",
    "processor": "Intel64 Family 6 Model 151 Stepping 5, GenuineIntel"
  },
  "rows": 94311,
  "train_rows": 75448,
  "test_rows": 18863,
  "features": [
    "Action",
    "Threat/Content Type",
    "Session End Reason",
    "Application",
    "Source Zone",
    "Destination Zone",
    "Inbound Interface",
    "Outbound Interface",
    "IP Protocol",
    "Source Port",
    "Destination Port",
    "Source Country",
    "Destination Country",
    "Category",
    "Bytes",
    "Bytes Sent",
    "Bytes Received",
    "Packets",
    "Packets Sent",
    "Packets Received",
    "Elapsed Time (sec)",
    "Subcategory of app",
    "Category of app",
    "Technology of app",
    "Risk of app",
    "SaaS of app",
    "AI Traffic"
  ],
  "labels": [
    "0",
    "1"
  ],
  "class_counts": {
    "0": 75000,
    "1": 19311
  },
  "holdout": [
    {
      "model": "Decision Tree",
      "fit_seconds": 0.6389693999954034,
      "predict_seconds": 0.044168899999931455,
      "total_model_seconds": 0.6831382999953348,
      "predict_ms_per_1000_rows": 2.341562847899669,
      "accuracy": 0.7547049779992578,
      "balanced_accuracy": 0.6494682850592629,
      "precision_weighted": 0.767532146371745,
      "recall_weighted": 0.7547049779992578,
      "f1_weighted": 0.7605001265891103,
      "f1_macro": 0.6416195370083233,
      "classification_report": {
        "0": {
          "precision": 0.8587633144279984,
          "recall": 0.8276781547896807,
          "f1-score": 0.842934247598357,
          "support": 15001.0
        },
        "1": {
          "precision": 0.41316685584562995,
          "recall": 0.47125841532884516,
          "f1-score": 0.4403048264182896,
          "support": 3862.0
        },
        "accuracy": 0.7547049779992578,
        "macro avg": {
          "precision": 0.6359650851368142,
          "recall": 0.6494682850592629,
          "f1-score": 0.6416195370083233,
          "support": 18863.0
        },
        "weighted avg": {
          "precision": 0.767532146371745,
          "recall": 0.7547049779992578,
          "f1-score": 0.7605001265891103,
          "support": 18863.0
        }
      },
      "confusion_matrix": [
        [
          12416,
          2585
        ],
        [
          2042,
          1820
        ]
      ],
      "average_precision": 0.3209112189836207,
      "roc_auc": 0.6559611717237148,
      "positive_label": "1"
    },
    {
      "model": "Random Forest",
      "fit_seconds": 3.6863057000155095,
      "predict_seconds": 0.15916359997936524,
      "total_model_seconds": 3.8454692999948747,
      "predict_ms_per_1000_rows": 8.437873083781225,
      "accuracy": 0.781423951651381,
      "balanced_accuracy": 0.6353115385264666,
      "precision_weighted": 0.7689606454501421,
      "recall_weighted": 0.781423951651381,
      "f1_weighted": 0.7742965008069373,
      "f1_macro": 0.6430689388957656,
      "classification_report": {
        "0": {
          "precision": 0.8485198000768935,
          "recall": 0.8827411505899607,
          "f1-score": 0.8652922534060836,
          "support": 15001.0
        },
        "1": {
          "precision": 0.45993245317777093,
          "recall": 0.38788192646297254,
          "f1-score": 0.42084562438544737,
          "support": 3862.0
        },
        "accuracy": 0.781423951651381,
        "macro avg": {
          "precision": 0.6542261266273323,
          "recall": 0.6353115385264666,
          "f1-score": 0.6430689388957656,
          "support": 18863.0
        },
        "weighted avg": {
          "precision": 0.7689606454501421,
          "recall": 0.781423951651381,
          "f1-score": 0.7742965008069373,
          "support": 18863.0
        }
      },
      "confusion_matrix": [
        [
          13242,
          1759
        ],
        [
          2364,
          1498
        ]
      ],
      "average_precision": 0.5212498333878158,
      "roc_auc": 0.769075968040936,
      "positive_label": "1"
    },
    {
      "model": "Extra Trees",
      "fit_seconds": 2.225918999989517,
      "predict_seconds": 0.23988660000031814,
      "total_model_seconds": 2.465805599989835,
      "predict_ms_per_1000_rows": 12.717309017670473,
      "accuracy": 0.7729417377935641,
      "balanced_accuracy": 0.6396882448472018,
      "precision_weighted": 0.7676636614773218,
      "recall_weighted": 0.7729417377935641,
      "f1_weighted": 0.7701661886523634,
      "f1_macro": 0.6429363866612744,
      "classification_report": {
        "0": {
          "precision": 0.8515481500918394,
          "recall": 0.8653423105126324,
          "f1-score": 0.8583898164985948,
          "support": 15001.0
        },
        "1": {
          "precision": 0.4418347609836972,
          "recall": 0.4140341791817711,
          "f1-score": 0.42748295682395404,
          "support": 3862.0
        },
        "accuracy": 0.7729417377935641,
        "macro avg": {
          "precision": 0.6466914555377683,
          "recall": 0.6396882448472018,
          "f1-score": 0.6429363866612744,
          "support": 18863.0
        },
        "weighted avg": {
          "precision": 0.7676636614773218,
          "recall": 0.7729417377935641,
          "f1-score": 0.7701661886523634,
          "support": 18863.0
        }
      },
      "confusion_matrix": [
        [
          12981,
          2020
        ],
        [
          2263,
          1599
        ]
      ],
      "average_precision": 0.48210771409344383,
      "roc_auc": 0.7575409697354545,
      "positive_label": "1"
    },
    {
      "model": "XGBoost",
      "fit_seconds": 0.8193429999810178,
      "predict_seconds": 0.07200370001373813,
      "total_model_seconds": 0.8913466999947559,
      "predict_ms_per_1000_rows": 3.817192387941373,
      "accuracy": 0.8255314637120288,
      "balanced_accuracy": 0.5843080597664971,
      "precision_weighted": 0.8318663020699586,
      "recall_weighted": 0.8255314637120288,
      "f1_weighted": 0.7759416028996231,
      "f1_macro": 0.5963053558786838,
      "classification_report": {
        "0": {
          "precision": 0.8239101571144059,
          "recall": 0.9928004799680021,
          "f1-score": 0.9005048825467847,
          "support": 15001.0
        },
        "1": {
          "precision": 0.8627700127064803,
          "recall": 0.17581563956499224,
          "f1-score": 0.2921058292105829,
          "support": 3862.0
        },
        "accuracy": 0.8255314637120288,
        "macro avg": {
          "precision": 0.8433400849104431,
          "recall": 0.5843080597664971,
          "f1-score": 0.5963053558786838,
          "support": 18863.0
        },
        "weighted avg": {
          "precision": 0.8318663020699586,
          "recall": 0.8255314637120288,
          "f1-score": 0.7759416028996231,
          "support": 18863.0
        }
      },
      "confusion_matrix": [
        [
          14893,
          108
        ],
        [
          3183,
          679
        ]
      ],
      "average_precision": 0.5362241710814645,
      "roc_auc": 0.7847615095986524,
      "positive_label": "1"
    },
    {
      "model": "LightGBM",
      "fit_seconds": 0.7205117999983486,
      "predict_seconds": 0.08354809999582358,
      "total_model_seconds": 0.8040598999941722,
      "predict_ms_per_1000_rows": 4.429205322367788,
      "accuracy": 0.6061071939776281,