model,fit_seconds,predict_seconds,total_model_seconds,predict_ms_per_1000_rows,accuracy,balanced_accuracy,precision_weighted,recall_weighted,f1_weighted,f1_macro,average_precision,roc_auc,positive_label
Random Forest,6.965008924948052,0.2672596430638805,7.232268568011932,14.16845905019777,0.781423951651381,0.6353115385264666,0.7689606454501421,0.781423951651381,0.7742965008069373,0.6430689388957656,0.5212498333878158,0.769075968040936,1
Extra Trees,5.256144659942947,0.3504300758941099,5.606574735837057,18.57764278715527,0.7729417377935641,0.6396882448472018,0.7676636614773218,0.7729417377935641,0.7701661886523634,0.6429363866612744,0.4821072043072565,0.7575409869965168,1
Decision Tree,1.0579982810886577,0.07053165102843195,1.1285299321170896,3.73915342355044,0.7547049779992578,0.6494682850592629,0.767532146371745,0.7547049779992578,0.7605001265891103,0.6416195370083233,0.3209112189836207,0.6559611717237148,1
XGBoost,1.1664933209540322,0.09489620802924037,1.2613895289832726,5.030812067499357,0.8262736574245878,0.5859283211604295,0.8331833267296308,0.8262736574245878,0.7771806866689349,0.5987641772897453,0.5313597029231889,0.7818075981193865,1
LightGBM,1.4306500199018046,0.135905220056884,1.5665552399586886,7.204857130725971,0.6061071939776281,0.6942840095832037,0.8066946629517217,0.6061071939776281,0.6424440002035198,0.5773916561742354,0.532064543049826,0.7826305537856254,1
CatBoost,3.8953624909045175,0.09426836296916008,3.9896308538736776,4.997527592067014,0.5424375762073901,0.6813635521139606,0.8199194241402895,0.5424375762073901,0.5757416781084975,0.5292944024009183,0.48402969204203206,0.7574461719814225,1
