model,fit_seconds,predict_seconds,total_model_seconds,predict_ms_per_1000_rows,accuracy,balanced_accuracy,precision_weighted,recall_weighted,f1_weighted,f1_macro,average_precision,roc_auc,positive_label
XGBoost,11.398552061989903,0.989037899998948,12.387589961988851,4.7160822254808785,0.9826145835320147,0.5308866519944145,0.9814045658905927,0.9826145835320147,0.9751017311206703,0.5535639299339216,0.09402825824118682,0.6362645285743662,1
Extra Trees,104.63827527605463,4.615244375076145,109.25351965113077,22.007116171756778,0.9211218981861183,0.540723693312386,0.9658063251550144,0.9211218981861183,0.9423430496633227,0.5112788069859824,0.04002294798647078,0.5606970338875068,1
LightGBM,11.073597079957835,1.2016901060706005,12.275287186028436,5.730083093662861,0.37041522821339334,0.5966002979883924,0.9735176361482966,0.37041522821339334,0.5211803670419655,0.2882354727371209,0.0926869870213321,0.636345737176017,1
CatBoost,36.49786194402259,0.9671155259711668,37.464977469993755,4.611548598920286,0.2933967842224723,0.603610329286839,0.977182278515591,0.2933967842224723,0.4316586892139576,0.2424613427039171,0.0893505116499097,0.6380518039671714,1
