model,fit_seconds,predict_seconds,total_model_seconds,predict_ms_per_1000_rows,accuracy,balanced_accuracy,precision_weighted,recall_weighted,f1_weighted,f1_macro,average_precision,roc_auc,positive_label
Random Forest,3.6863057000155095,0.15916359997936524,3.8454692999948747,8.437873083781225,0.781423951651381,0.6353115385264666,0.7689606454501421,0.781423951651381,0.7742965008069373,0.6430689388957656,0.5212498333878158,0.769075968040936,1
Extra Trees,2.225918999989517,0.23988660000031814,2.465805599989835,12.717309017670473,0.7729417377935641,0.6396882448472018,0.7676636614773218,0.7729417377935641,0.7701661886523634,0.6429363866612744,0.48210771409344383,0.7575409697354545,1
Decision Tree,0.6389693999954034,0.044168899999931455,0.6831382999953348,2.341562847899669,0.7547049779992578,0.6494682850592629,0.767532146371745,0.7547049779992578,0.7605001265891103,0.6416195370083233,0.3209112189836207,0.6559611717237148,1
XGBoost,0.8193429999810178,0.07200370001373813,0.8913466999947559,3.817192387941373,0.8255314637120288,0.5843080597664971,0.8318663020699586,0.8255314637120288,0.7759416028996231,0.5963053558786838,0.5362241710814645,0.7847615095986524,1
LightGBM,0.7205117999983486,0.08354809999582358,0.8040598999941722,4.429205322367788,0.6061071939776281,0.6942840095832037,0.8066946629517217,0.6061071939776281,0.6424440002035198,0.5773916561742354,0.532064543049826,0.7826305537856254,1
CatBoost,3.0468721999786794,0.05721500000800006,3.1040871999866795,3.0331866621428225,0.5424375762073901,0.6813635521139606,0.8199194241402895,0.5424375762073901,0.5757416781084975,0.5292944024009183,0.48402969204203206,0.7574461719814225,1
