model,fit_seconds,predict_seconds,total_model_seconds,predict_ms_per_1000_rows,accuracy,balanced_accuracy,precision_weighted,recall_weighted,f1_weighted,f1_macro,average_precision,roc_auc,positive_label
XGBoost,10.263326888903975,0.9419510989682749,11.20527798787225,4.491555718058112,0.9817991951019474,0.5062071099678843,0.9810608114751058,0.9817991951019474,0.9730194782650802,0.5076737518645277,0.05773086360767109,0.6312213733437106,1
Extra Trees,73.56403933698311,3.9894060340011492,77.55344537098426,19.022897795118872,0.8873762612294722,0.5273454568417832,0.9651078555536451,0.8873762612294722,0.9237158453782406,0.49398074313727103,0.02390296097202821,0.5328571443773429,1
LightGBM,9.496483498020098,1.131782804033719,10.628266302053817,5.396740372855286,0.3322540960155639,0.5988852091614034,0.9749646032373327,0.3322540960155639,0.47824187357656966,0.26621283092320014,0.05441662486949863,0.6341138506167864,1
CatBoost,33.203541664988734,0.9357091300189495,34.13925079500768,4.461791804244547,0.28289687005283337,0.6047408007194411,0.977877580663018,0.28289687005283337,0.41855456245581624,0.2357737478405429,0.0515464275736328,0.6316611443081713,1
