{
  "dataset": "linked_full",
  "feature_set": "core",
  "sample_per_class": null,
  "tag": "full_baseline",
  "exclude_features": [],
  "run_timing": {
    "started_epoch": 1778851532.2038991,
    "ended_epoch": 1778851719.0037856,
    "wall_seconds": 186.79988753201906
  },
  "runtime": {
    "python": "3.12.3",
    "platform": "Linux-6.17.0-1011-oracle-aarch64-with-glibc2.39",
    "processor": "aarch64"
  },
  "rows": 1048576,
  "train_rows": 838860,
  "test_rows": 209716,
  "features": [
    "Action",
    "Threat/Content Type",
    "Session End Reason",
    "Application",
    "Source Zone",
    "Destination Zone",
    "Inbound Interface",
    "Outbound Interface",
    "IP Protocol",
    "Source Port",
    "Destination Port",
    "Source Country",
    "Destination Country",
    "Category",
    "Bytes",
    "Bytes Sent",
    "Bytes Received",
    "Packets",
    "Packets Sent",
    "Packets Received",
    "Elapsed Time (sec)",
    "Subcategory of app",
    "Category of app",
    "Technology of app",
    "Risk of app",
    "SaaS of app",
    "AI Traffic"
  ],
  "labels": [
    "0",
    "1"
  ],
  "class_counts": {
    "0": 1029265,
    "1": 19311
  },
  "holdout": [
    {
      "model": "Extra Trees",
      "fit_seconds": 104.63827527605463,
      "predict_seconds": 4.615244375076145,
      "total_model_seconds": 109.25351965113077,
      "predict_ms_per_1000_rows": 22.007116171756778,
      "accuracy": 0.9211218981861183,
      "balanced_accuracy": 0.540723693312386,
      "precision_weighted": 0.9658063251550144,
      "recall_weighted": 0.9211218981861183,
      "f1_weighted": 0.9423430496633227,
      "f1_macro": 0.5112788069859824,
      "classification_report": {
        "0": {
          "precision": 0.9831606349854525,
          "recall": 0.9356679977071128,
          "f1-score": 0.9588265748051095,
          "support": 205854.0
        },
        "1": {
          "precision": 0.04077937128784587,
          "recall": 0.14577938891765924,
          "f1-score": 0.06373103916685534,
          "support": 3862.0
        },
        "accuracy": 0.9211218981861183,
        "macro avg": {
          "precision": 0.5119700031366492,
          "recall": 0.540723693312386,
          "f1-score": 0.5112788069859824,
          "support": 209716.0
        },
        "weighted avg": {
          "precision": 0.9658063251550144,
          "recall": 0.9211218981861183,
          "f1-score": 0.9423430496633227,
          "support": 209716.0
        }
      },
      "confusion_matrix": [
        [
          192611,
          13243
        ],
        [
          3299,
          563
        ]
      ],
      "average_precision": 0.04002294798647078,
      "roc_auc": 0.5606970338875068,
      "positive_label": "1"
    },
    {
      "model": "XGBoost",
      "fit_seconds": 11.398552061989903,
      "predict_seconds": 0.989037899998948,
      "total_model_seconds": 12.387589961988851,
      "predict_ms_per_1000_rows": 4.7160822254808785,
      "accuracy": 0.9826145835320147,
      "balanced_accuracy": 0.5308866519944145,
      "precision_weighted": 0.9814045658905927,
      "recall_weighted": 0.9826145835320147,
      "f1_weighted": 0.9751017311206703,
      "f1_macro": 0.5535639299339216,
      "classification_report": {
        "0": {
          "precision": 0.9827026459270293,
          "recall": 0.9998882703275137,
          "f1-score": 0.9912209733498993,
          "support": 205854.0
        },
        "1": {
          "precision": 0.9122137404580153,
          "recall": 0.06188503366131538,
          "f1-score": 0.11590688651794374,
          "support": 3862.0
        },
        "accuracy": 0.9826145835320147,
        "macro avg": {
          "precision": 0.9474581931925223,
          "recall": 0.5308866519944145,
          "f1-score": 0.5535639299339216,
          "support": 209716.0
        },
        "weighted avg": {
          "precision": 0.9814045658905927,
          "recall": 0.9826145835320147,
          "f1-score": 0.9751017311206703,
          "support": 209716.0
        }
      },
      "confusion_matrix": [
        [
          205831,
          23
        ],
        [
          3623,
          239
        ]
      ],
      "average_precision": 0.09402825824118682,
      "roc_auc": 0.6362645285743662,
      "positive_label": "1"
    },
    {
      "model": "LightGBM",
      "fit_seconds": 11.073597079957835,
      "predict_seconds": 1.2016901060706005,
      "total_model_seconds": 12.275287186028436,
      "predict_ms_per_1000_rows": 5.730083093662861,
      "accuracy": 0.37041522821339334,
      "balanced_accuracy": 0.5966002979883924,
      "precision_weighted": 0.9735176361482966,
      "recall_weighted": 0.37041522821339334,
      "f1_weighted": 0.5211803670419655,
      "f1_macro": 0.2882354727371209,
      "classification_report": {
        "0": {
          "precision": 0.991334096536301,
          "recall": 0.3617661060751795,
          "f1-score": 0.5300879790444736,
          "support": 205854.0
        },
        "1": {
          "precision": 0.023856932701309123,
          "recall": 0.8314344899016054,
          "f1-score": 0.0463829664297683,
          "support": 3862.0
        },
        "accuracy": 0.37041522821339334,
        "macro avg": {
          "precision": 0.507595514618805,
          "recall": 0.5966002979883924,
          "f1-score": 0.2882354727371209,
          "support": 209716.0
        },
        "weighted avg": {
          "precision": 0.9735176361482966,
          "recall": 0.37041522821339334,
          "f1-score": 0.5211803670419655,
          "support": 209716.0
        }
      },
      "confusion_matrix": [
        [
          74471,
          131383
        ],
        [
          651,
          3211
        ]
      ],
      "average_precision": 0.0926869870213321,
      "roc_auc": 0.636345737176017,
      "positive_label": "1"
    },
    {
      "model": "CatBoost",
      "fit_seconds": 36.49786194402259,
      "predict_seconds": 0.9671155259711668,
      "total_model_seconds": 37.464977469993755,
      "predict_ms_per_1000_rows": 4.611548598920286,
      "accuracy": 0.2933967842224723,
      "balanced_accuracy": 0.603610329286839,
      "precision_weighted": 0.977182278515591,
      "recall_weighted": 0.2933967842224723,
      "f1_weighted": 0.4316586892139576,
      "f1_macro": 0.2424613427039171,
      "classification_report": {
        "0": {
          "precision": 0.995072284605611,
          "recall": 0.2815344856063035,
          "f1-score": 0.4388934326911426,
          "support": 205854.0
        },
        "1": {
          "precision": 0.023601410142994838,
          "recall": 0.9256861729673744,
          "f1-score": 0.04602925271669156,
          "support": 3862.0
        },
        "accuracy": 0.2933967842224723,
        "macro avg": {
          "precision": 0.509336847374303,
          "recall": 0.603610329286839,
          "f1-score": 0.2424613427039171,
          "support": 209716.0
        },
        "weighted avg": {
          "precision": 0.977182278515591,
          "recall": 0.2933967842224723,
          "f1-score": 0.4316586892139576,
          "support": 209716.0
        }
      },
      "confusion_matrix": [
        [
          57955,
          147899
        ],
        [
          287,
          3575
        ]
      ],
      "average_precision": 0.0893505116499097,
      "roc_auc": 0.6380518039671714,
      "positive_label": "1"
    }
  ],
  "cv": []
}