{
  "dataset": "linked_full",
  "feature_set": "core",
  "sample_per_class": null,
  "tag": "full_no_volume",
  "exclude_features": [
    "Bytes",
    "Bytes Received",
    "Bytes Sent",
    "Elapsed Time (sec)",
    "Packets",
    "Packets Received",
    "Packets Sent"
  ],
  "run_timing": {
    "started_epoch": 1778851892.9641435,
    "ended_epoch": 1778852040.7871401,
    "wall_seconds": 147.82299771299586
  },
  "runtime": {
    "python": "3.12.3",
    "platform": "Linux-6.17.0-1011-oracle-aarch64-with-glibc2.39",
    "processor": "aarch64"
  },
  "rows": 1048576,
  "train_rows": 838860,
  "test_rows": 209716,
  "features": [
    "Action",
    "Threat/Content Type",
    "Session End Reason",
    "Application",
    "Source Zone",
    "Destination Zone",
    "Inbound Interface",
    "Outbound Interface",
    "IP Protocol",
    "Source Port",
    "Destination Port",
    "Source Country",
    "Destination Country",
    "Category",
    "Subcategory of app",
    "Category of app",
    "Technology of app",
    "Risk of app",
    "SaaS of app",
    "AI Traffic"
  ],
  "labels": [
    "0",
    "1"
  ],
  "class_counts": {
    "0": 1029265,
    "1": 19311
  },
  "holdout": [
    {
      "model": "Extra Trees",
      "fit_seconds": 73.56403933698311,
      "predict_seconds": 3.9894060340011492,
      "total_model_seconds": 77.55344537098426,
      "predict_ms_per_1000_rows": 19.022897795118872,
      "accuracy": 0.8873762612294722,
      "balanced_accuracy": 0.5273454568417832,
      "precision_weighted": 0.9651078555536451,
      "recall_weighted": 0.8873762612294722,
      "f1_weighted": 0.9237158453782406,
      "f1_macro": 0.49398074313727103,
      "classification_report": {
        "0": {
          "precision": 0.9826829048645728,
          "recall": 0.9011435289088383,
          "f1-score": 0.9401485453352153,
          "support": 205854.0
        },
        "1": {
          "precision": 0.0283149501026596,
          "recall": 0.15354738477472812,
          "f1-score": 0.04781294093932675,
          "support": 3862.0
        },
        "accuracy": 0.8873762612294722,
        "macro avg": {
          "precision": 0.5054989274836161,
          "recall": 0.5273454568417832,
          "f1-score": 0.49398074313727103,
          "support": 209716.0
        },
        "weighted avg": {
          "precision": 0.9651078555536451,
          "recall": 0.8873762612294722,
          "f1-score": 0.9237158453782406,
          "support": 209716.0
        }
      },
      "confusion_matrix": [
        [
          185504,
          20350
        ],
        [
          3269,
          593
        ]
      ],
      "average_precision": 0.02390296097202821,
      "roc_auc": 0.5328571443773429,
      "positive_label": "1"
    },
    {
      "model": "XGBoost",
      "fit_seconds": 10.263326888903975,
      "predict_seconds": 0.9419510989682749,
      "total_model_seconds": 11.20527798787225,
      "predict_ms_per_1000_rows": 4.491555718058112,
      "accuracy": 0.9817991951019474,
      "balanced_accuracy": 0.5062071099678843,
      "precision_weighted": 0.9810608114751058,
      "recall_weighted": 0.9817991951019474,
      "f1_weighted": 0.9730194782650802,
      "f1_macro": 0.5076737518645277,
      "classification_report": {
        "0": {
          "precision": 0.981809076383755,
          "recall": 0.9999854265644583,
          "f1-score": 0.9908138978001007,
          "support": 205854.0
        },
        "1": {
          "precision": 0.9411764705882353,
          "recall": 0.012428793371310202,
          "f1-score": 0.024533605928954767,
          "support": 3862.0
        },
        "accuracy": 0.9817991951019474,
        "macro avg": {
          "precision": 0.9614927734859952,
          "recall": 0.5062071099678843,
          "f1-score": 0.5076737518645277,
          "support": 209716.0
        },
        "weighted avg": {
          "precision": 0.9810608114751058,
          "recall": 0.9817991951019474,
          "f1-score": 0.9730194782650802,
          "support": 209716.0
        }
      },
      "confusion_matrix": [
        [
          205851,
          3
        ],
        [
          3814,
          48
        ]
      ],
      "average_precision": 0.05773086360767109,
      "roc_auc": 0.6312213733437106,
      "positive_label": "1"
    },
    {
      "model": "LightGBM",
      "fit_seconds": 9.496483498020098,
      "predict_seconds": 1.131782804033719,
      "total_model_seconds": 10.628266302053817,
      "predict_ms_per_1000_rows": 5.396740372855286,
      "accuracy": 0.3322540960155639,
      "balanced_accuracy": 0.5988852091614034,
      "precision_weighted": 0.9749646032373327,
      "recall_weighted": 0.3322540960155639,
      "f1_weighted": 0.47824187357656966,
      "f1_macro": 0.26621283092320014,
      "classification_report": {
        "0": {
          "precision": 0.9928118963116043,
          "recall": 0.32205835203590893,
          "f1-score": 0.4863496814375475,
          "support": 205854.0
        },
        "1": {
          "precision": 0.023660442566409447,
          "recall": 0.875712066286898,
          "f1-score": 0.0460759804088528,
          "support": 3862.0
        },
        "accuracy": 0.3322540960155639,
        "macro avg": {
          "precision": 0.5082361694390068,
          "recall": 0.5988852091614034,
          "f1-score": 0.26621283092320014,
          "support": 209716.0
        },
        "weighted avg": {
          "precision": 0.9749646032373327,
          "recall": 0.3322540960155639,
          "f1-score": 0.47824187357656966,
          "support": 209716.0
        }
      },
      "confusion_matrix": [
        [
          66297,
          139557
        ],
        [
          480,
          3382
        ]
      ],
      "average_precision": 0.05441662486949863,
      "roc_auc": 0.6341138506167864,
      "positive_label": "1"
    },
    {
      "model": "CatBoost",
      "fit_seconds": 33.203541664988734,
      "predict_seconds": 0.9357091300189495,
      "total_model_seconds": 34.13925079500768,
      "predict_ms_per_1000_rows": 4.461791804244547,
      "accuracy": 0.28289687005283337,
      "balanced_accuracy": 0.6047408007194411,
      "precision_weighted": 0.977877580663018,
      "recall_weighted": 0.28289687005283337,
      "f1_weighted": 0.41855456245581624,
      "f1_macro": 0.2357737478405429,
      "classification_report": {
        "0": {
          "precision": 0.995781043297937,
          "recall": 0.27058983551449084,
          "f1-score": 0.4255439432832172,
          "support": 205854.0
        },
        "1": {
          "precision": 0.02357944569444264,
          "recall": 0.9388917659243915,
          "f1-score": 0.04600355239786856,
          "support": 3862.0
        },
        "accuracy": 0.28289687005283337,
        "macro avg": {
          "precision": 0.5096802444961899,
          "recall": 0.6047408007194411,
          "f1-score": 0.2357737478405429,
          "support": 209716.0
        },
        "weighted avg": {
          "precision": 0.977877580663018,
          "recall": 0.28289687005283337,
          "f1-score": 0.41855456245581624,
          "support": 209716.0
        }
      },
      "confusion_matrix": [
        [
          55702,
          150152
        ],
        [
          236,
          3626
        ]
      ],
      "average_precision": 0.0515464275736328,
      "roc_auc": 0.6316611443081713,
      "positive_label": "1"
    }
  ],
  "cv": []
}