accuracy,balanced_accuracy,macro_f1,average_precision,roc_auc,pos_precision,pos_recall,tp,fp,fn,tn,top100_precision,top500_precision,run,seed,scale_pos_weight,wall_seconds
0.9825429749898672,0.52957984115824,0.5511884780777215,0.09176759647625904,0.6400193369523545,0.8910505836575876,0.059295701708959085,229,28,3633,205825,0.99,0.5,unweighted_s42,42,1.0,16.3
0.3908971699687671,0.5958540624773436,0.29955715052898724,0.09073170956096131,0.6378598058275122,0.024000553326877852,0.80864836872087,3123,126999,739,78854,0.99,0.502,weighted_s42,42,53.3,16.6
0.9825954271272918,0.530368785332561,0.5526445270850433,0.09059724628427089,0.6334931721361814,0.9108527131782945,0.06084930088037287,235,23,3627,205830,1.0,0.502,unweighted_s7,7,1.0,31.0
0.9825048279808312,0.5284170706974025,0.5491239421901465,0.09033121400310318,0.633485789786044,0.8906882591093117,0.05696530295183842,220,27,3642,205826,1.0,0.492,unweighted_s123,123,1.0,33.5
