{
  "runtime": {
    "note": "Operating-point diagnostic run; platform and timing details are omitted from the public artifact because these checks are not used as timing evidence."
  },
  "summaries": [
    {
      "scenario": "xgboost_full_stratified",
      "temporal": false,
      "rows": 1048576,
      "features": 27,
      "train_rows": 838860,
      "test_rows": 209716,
      "train_positives": 15449,
      "test_positives": 3862,
      "test_prevalence": 0.018415380800701903,
      "accuracy": 0.9826193518854069,
      "balanced_accuracy": 0.5311431562837265,
      "macro_f1": 0.5540075881477153,
      "average_precision": 0.0939321226046561,
      "roc_auc": 0.634726817290431,
      "positive_precision": 0.909433962264151,
      "positive_recall": 0.06240290005178664,
      "positive_f1": 0.11679185849285195,
      "true_negatives": 205830,
      "false_positives": 24,
      "false_negatives": 3621,
      "true_positives": 241,
      "best_f1_threshold": 0.25293898582458496,
      "best_f1_precision": 0.8519736842105263,
      "best_f1_recall": 0.06706369756602797,
      "best_f1": 0.1243398943831013,
      "default_precision": 0.909433962264151,
      "default_recall": 0.06240290005178664,
      "default_f1": 0.11679185849285195
    },
    {
      "scenario": "xgboost_no_outcome_stratified",
      "temporal": false,
      "rows": 1048576,
      "features": 24,
      "train_rows": 838860,
      "test_rows": 209716,
      "train_positives": 15449,
      "test_positives": 3862,
      "test_prevalence": 0.018415380800701903,
      "accuracy": 0.9820233077113811,
      "balanced_accuracy": 0.5172465100319953,
      "macro_f1": 0.5286468844822986,
      "average_precision": 0.07180081441056656,
      "roc_auc": 0.635152155069485,
      "positive_precision": 0.7613636363636364,
      "positive_recall": 0.03469704816157431,
      "positive_f1": 0.06636948984645864,
      "true_negatives": 205812,
      "false_positives": 42,
      "false_negatives": 3728,
      "true_positives": 134,
      "best_f1_threshold": 0.08226179331541061,
      "best_f1_precision": 0.3923809523809524,
      "best_f1_recall": 0.053340238218539615,
      "best_f1": 0.09391383633462502,
      "default_precision": 0.7613636363636364,
      "default_recall": 0.03469704816157431,
      "default_f1": 0.06636948984645864
    },
    {
      "scenario": "xgboost_full_temporal_holdout",
      "temporal": true,
      "rows": 1048576,
      "features": 27,
      "train_rows": 838860,
      "test_rows": 209716,
      "train_positives": 15483,
      "test_positives": 3828,
      "test_prevalence": 0.018253256785366878,
      "accuracy": 0.982504911403994,
      "balanced_accuracy": 0.5228190331601091,
      "macro_f1": 0.5391270828198363,
      "average_precision": 0.07819047759698751,
      "roc_auc": 0.6384622578580224,
      "positive_precision": 0.9162303664921466,
      "positive_recall": 0.045715778474399164,
      "positive_f1": 0.08708633988554366,
      "true_negatives": 205872,
      "false_positives": 16,
      "false_negatives": 3653,
      "true_positives": 175,
      "best_f1_threshold": 0.30990442633628845,
      "best_f1_precision": 0.8376068376068376,
      "best_f1_recall": 0.051201671891327065,
      "best_f1": 0.0965041851304776,
      "default_precision": 0.9162303664921466,
      "default_recall": 0.045715778474399164,
      "default_f1": 0.08708633988554366
    }
  ],
  "budget_rows": [
    {
      "scenario": "xgboost_full_stratified",
      "budget": "top_100",
      "reviewed_sessions": 100,
      "review_share": 0.00047683533922066035,
      "true_positives": 99,
      "false_positives": 1,
      "precision": 0.99,
      "recall": 0.02563438632832729,
      "lift_over_prevalence": 53.759409632314856
    },
    {
      "scenario": "xgboost_full_stratified",
      "budget": "top_250",
      "reviewed_sessions": 250,
      "review_share": 0.0011920883480516509,
      "true_positives": 233,
      "false_positives": 17,
      "precision": 0.932,
      "recall": 0.06033143448990161,
      "lift_over_prevalence": 50.60986846193682
    },
    {
      "scenario": "xgboost_full_stratified",
      "budget": "top_500",
      "reviewed_sessions": 500,
      "review_share": 0.0023841766961033017,
      "true_positives": 261,
      "false_positives": 239,
      "precision": 0.522,
      "recall": 0.06758156395649922,
      "lift_over_prevalence": 28.345870533402383
    },
    {
      "scenario": "xgboost_full_stratified",
      "budget": "top_1000",
      "reviewed_sessions": 1000,
      "review_share": 0.0047683533922066035,
      "true_positives": 273,
      "false_positives": 727,
      "precision": 0.273,
      "recall": 0.07068876229932677,
      "lift_over_prevalence": 14.824564474365614
    },
    {
      "scenario": "xgboost_full_stratified",
      "budget": "top_0.1pct",
      "reviewed_sessions": 210,
      "review_share": 0.0010013542123633867,
      "true_positives": 207,
      "false_positives": 3,
      "precision": 0.9857142857142858,
      "recall": 0.053599171413775244,
      "lift_over_prevalence": 53.52668491529185
    },
    {
      "scenario": "xgboost_full_stratified",
      "budget": "top_0.5pct",
      "reviewed_sessions": 1049,
      "review_share": 0.005002002708424727,
      "true_positives": 273,
      "false_positives": 776,
      "precision": 0.26024785510009535,
      "recall": 0.07068876229932677,
      "lift_over_prevalence": 14.132091967936715
    },
    {
      "scenario": "xgboost_full_stratified",
      "budget": "top_1pct",
      "reviewed_sessions": 2097,
      "review_share": 0.009999237063457247,
      "true_positives": 296,
      "false_positives": 1801,
      "precision": 0.14115402956604672,
      "recall": 0.07664422578974625,
      "lift_over_prevalence": 7.665007370396959
    },
    {
      "scenario": "xgboost_full_stratified",
      "budget": "top_2pct",
      "reviewed_sessions": 4194,
      "review_share": 0.019998474126914495,
      "true_positives": 334,
      "false_positives": 3860,
      "precision": 0.07963757749165475,
      "recall": 0.08648368720870016,
      "lift_over_prevalence": 4.3245142934334195
    },
    {
      "scenario": "xgboost_no_outcome_stratified",
      "budget": "top_100",
      "reviewed_sessions": 100,
      "review_share": 0.00047683533922066035,
      "true_positives": 89,
      "false_positives": 11,
      "precision": 0.89,
      "recall": 0.023045054375971,
      "lift_over_prevalence": 48.32916623511134
    },
    {
      "scenario": "xgboost_no_outcome_stratified",
      "budget": "top_250",
      "reviewed_sessions": 250,
      "review_share": 0.0011920883480516509,
      "true_positives": 168,
      "false_positives": 82,
      "precision": 0.672,
      "recall": 0.04350077679958571,
      "lift_over_prevalence": 36.491235629207665
    },
    {
      "scenario": "xgboost_no_outcome_stratified",
      "budget": "top_500",
      "reviewed_sessions": 500,
      "review_share": 0.0023841766961033017,
      "true_positives": 202,
      "false_positives": 298,
      "precision": 0.404,
      "recall": 0.0523045054375971,
      "lift_over_prevalence": 21.938183324702226
    },
    {
      "scenario": "xgboost_no_outcome_stratified",
      "budget": "top_1000",
      "reviewed_sessions": 1000,
      "review_share": 0.0047683533922066035,
      "true_positives": 219,
      "false_positives": 781,
      "precision": 0.219,
      "recall": 0.056706369756602794,
      "lift_over_prevalence": 11.89223303987571
    },
    {
      "scenario": "xgboost_no_outcome_stratified",
      "budget": "top_0.1pct",
      "reviewed_sessions": 210,
      "review_share": 0.0010013542123633867,
      "true_positives": 152,
      "false_positives": 58,